--
-- PostgreSQL database dump
--

-- Dumped from database version 16.2 (Debian 16.2-1.pgdg120+2)
-- Dumped by pg_dump version 16.2 (Debian 16.2-1.pgdg120+2)

SET statement_timeout = 0;
SET lock_timeout = 0;
SET idle_in_transaction_session_timeout = 0;
SET client_encoding = 'UTF8';
SET standard_conforming_strings = on;
SELECT pg_catalog.set_config('search_path', '', false);
SET check_function_bodies = false;
SET xmloption = content;
SET client_min_messages = warning;
SET row_security = off;

SET default_tablespace = '';

SET default_table_access_method = heap;

--
-- Name: flyway_schema_history; Type: TABLE; Schema: public; Owner: root
--

CREATE TABLE public.flyway_schema_history (
    installed_rank integer NOT NULL,
    version character varying(50),
    description character varying(200) NOT NULL,
    type character varying(20) NOT NULL,
    script character varying(1000) NOT NULL,
    checksum integer,
    installed_by character varying(100) NOT NULL,
    installed_on timestamp without time zone DEFAULT now() NOT NULL,
    execution_time integer NOT NULL,
    success boolean NOT NULL
);


ALTER TABLE public.flyway_schema_history OWNER TO root;

--
-- Name: owners; Type: TABLE; Schema: public; Owner: root
--

CREATE TABLE public.owners (
    id integer NOT NULL,
    first_name text,
    last_name text,
    address text,
    city text,
    telephone text
);


ALTER TABLE public.owners OWNER TO root;

--
-- Name: owners_id_seq; Type: SEQUENCE; Schema: public; Owner: root
--

ALTER TABLE public.owners ALTER COLUMN id ADD GENERATED BY DEFAULT AS IDENTITY (
    SEQUENCE NAME public.owners_id_seq
    START WITH 1
    INCREMENT BY 1
    NO MINVALUE
    NO MAXVALUE
    CACHE 1
);


--
-- Name: pets; Type: TABLE; Schema: public; Owner: root
--

CREATE TABLE public.pets (
    id integer NOT NULL,
    name text,
    birth_date date,
    type_id integer,
    owner_id integer
);


ALTER TABLE public.pets OWNER TO root;

--
-- Name: pets_id_seq; Type: SEQUENCE; Schema: public; Owner: root
--

ALTER TABLE public.pets ALTER COLUMN id ADD GENERATED BY DEFAULT AS IDENTITY (
    SEQUENCE NAME public.pets_id_seq
    START WITH 1
    INCREMENT BY 1
    NO MINVALUE
    NO MAXVALUE
    CACHE 1
);


--
-- Name: specialties; Type: TABLE; Schema: public; Owner: root
--

CREATE TABLE public.specialties (
    id integer NOT NULL,
    name text
);


ALTER TABLE public.specialties OWNER TO root;

--
-- Name: specialties_id_seq; Type: SEQUENCE; Schema: public; Owner: root
--

ALTER TABLE public.specialties ALTER COLUMN id ADD GENERATED BY DEFAULT AS IDENTITY (
    SEQUENCE NAME public.specialties_id_seq
    START WITH 1
    INCREMENT BY 1
    NO MINVALUE
    NO MAXVALUE
    CACHE 1
);


--
-- Name: types; Type: TABLE; Schema: public; Owner: root
--

CREATE TABLE public.types (
    id integer NOT NULL,
    name text
);


ALTER TABLE public.types OWNER TO root;

--
-- Name: types_id_seq; Type: SEQUENCE; Schema: public; Owner: root
--

ALTER TABLE public.types ALTER COLUMN id ADD GENERATED BY DEFAULT AS IDENTITY (
    SEQUENCE NAME public.types_id_seq
    START WITH 1
    INCREMENT BY 1
    NO MINVALUE
    NO MAXVALUE
    CACHE 1
);


--
-- Name: vet_specialties; Type: TABLE; Schema: public; Owner: root
--

CREATE TABLE public.vet_specialties (
    vet_id integer NOT NULL,
    specialty_id integer NOT NULL
);


ALTER TABLE public.vet_specialties OWNER TO root;

--
-- Name: vets; Type: TABLE; Schema: public; Owner: root
--

CREATE TABLE public.vets (
    id integer NOT NULL,
    first_name text,
    last_name text,
    salary numeric(19,2)
);


ALTER TABLE public.vets OWNER TO root;

--
-- Name: vets_id_seq; Type: SEQUENCE; Schema: public; Owner: root
--

ALTER TABLE public.vets ALTER COLUMN id ADD GENERATED BY DEFAULT AS IDENTITY (
    SEQUENCE NAME public.vets_id_seq
    START WITH 1
    INCREMENT BY 1
    NO MINVALUE
    NO MAXVALUE
    CACHE 1
);


--
-- Name: visits; Type: TABLE; Schema: public; Owner: root
--

CREATE TABLE public.visits (
    id integer NOT NULL,
    pet_id integer,
    visit_date date,
    description text,
    assigned_vet_id integer
);


ALTER TABLE public.visits OWNER TO root;

--
-- Name: visits_id_seq; Type: SEQUENCE; Schema: public; Owner: root
--

ALTER TABLE public.visits ALTER COLUMN id ADD GENERATED BY DEFAULT AS IDENTITY (
    SEQUENCE NAME public.visits_id_seq
    START WITH 1
    INCREMENT BY 1
    NO MINVALUE
    NO MAXVALUE
    CACHE 1
);


--
-- Data for Name: flyway_schema_history; Type: TABLE DATA; Schema: public; Owner: root
--

COPY public.flyway_schema_history (installed_rank, version, description, type, script, checksum, installed_by, installed_on, execution_time, success) FROM stdin;
1	0	init	SQL	V0__init.sql	121891165	root	2024-04-23 08:12:30.513973	51	t
2	1		SQL	V1__.sql	-1145678198	root	2024-04-23 08:12:30.585565	9	t
3	2		SQL	V2__.sql	-351465673	root	2024-04-23 08:12:30.609013	11	t
\.


--
-- Data for Name: owners; Type: TABLE DATA; Schema: public; Owner: root
--

COPY public.owners (id, first_name, last_name, address, city, telephone) FROM stdin;
1	George	Franklin	110 W. Liberty St.	Madison	6085551023
2	Betty	Davis	638 Cardinal Ave.	Sun Prairie	6085551749
3	Eduardo	Rodriquez	2693 Commerce St.	McFarland	6085558763
4	Harold	Davis	563 Friendly St.	Windsor	6085553198
5	Peter	McTavish	2387 S. Fair Way	Madison	6085552765
6	Jean	Coleman	105 N. Lake St.	Monona	6085552654
7	Jeff	Black	1450 Oak Blvd.	Monona	6085555387
8	Maria	Escobito	345 Maple St.	Madison	6085557683
9	David	Schroeder	2749 Blackhawk Trail	Madison	6085559435
10	Carlos	Estaban	2335 Independence La.	Waunakee	6085555487
\.


--
-- Data for Name: pets; Type: TABLE DATA; Schema: public; Owner: root
--

COPY public.pets (id, name, birth_date, type_id, owner_id) FROM stdin;
1	Leo	2000-09-07	1	1
2	Basil	2002-08-06	6	2
3	Rosy	2001-04-17	2	3
4	Jewel	2000-03-07	2	3
5	Iggy	2000-11-30	3	4
6	George	2000-01-20	4	5
7	Samantha	1995-09-04	1	6
8	Max	1995-09-04	1	6
9	Lucky	1999-08-06	5	7
10	Mulligan	1997-02-24	2	8
11	Freddy	2000-03-09	5	9
12	Lucky	2000-06-24	2	10
13	Sly	2002-06-08	1	10
\.


--
-- Data for Name: specialties; Type: TABLE DATA; Schema: public; Owner: root
--

COPY public.specialties (id, name) FROM stdin;
1	radiology
2	surgery
3	dentistry
\.


--
-- Data for Name: types; Type: TABLE DATA; Schema: public; Owner: root
--

COPY public.types (id, name) FROM stdin;
1	cat
2	dog
3	lizard
4	snake
5	bird
6	hamster
\.


--
-- Data for Name: vet_specialties; Type: TABLE DATA; Schema: public; Owner: root
--

COPY public.vet_specialties (vet_id, specialty_id) FROM stdin;
2	1
3	2
3	3
4	2
5	1
\.


--
-- Data for Name: vets; Type: TABLE DATA; Schema: public; Owner: root
--

COPY public.vets (id, first_name, last_name, salary) FROM stdin;
1	James	Carter	\N
2	Helen	Leary	\N
3	Linda	Douglas	\N
4	Rafael	Ortega	\N
5	Henry	Stevens	\N
6	Sharon	Jenkins	\N
\.


--
-- Data for Name: visits; Type: TABLE DATA; Schema: public; Owner: root
--

COPY public.visits (id, pet_id, visit_date, description, assigned_vet_id) FROM stdin;
1	7	2010-03-04	rabies shot	\N
2	8	2011-03-04	rabies shot	\N
3	8	2009-06-04	neutered	\N
4	7	2008-09-04	spayed	\N
\.


--
-- Name: owners_id_seq; Type: SEQUENCE SET; Schema: public; Owner: root
--

SELECT pg_catalog.setval('public.owners_id_seq', 10, true);


--
-- Name: pets_id_seq; Type: SEQUENCE SET; Schema: public; Owner: root
--

SELECT pg_catalog.setval('public.pets_id_seq', 13, true);


--
-- Name: specialties_id_seq; Type: SEQUENCE SET; Schema: public; Owner: root
--

SELECT pg_catalog.setval('public.specialties_id_seq', 3, true);


--
-- Name: types_id_seq; Type: SEQUENCE SET; Schema: public; Owner: root
--

SELECT pg_catalog.setval('public.types_id_seq', 6, true);


--
-- Name: vets_id_seq; Type: SEQUENCE SET; Schema: public; Owner: root
--

SELECT pg_catalog.setval('public.vets_id_seq', 6, true);


--
-- Name: visits_id_seq; Type: SEQUENCE SET; Schema: public; Owner: root
--

SELECT pg_catalog.setval('public.visits_id_seq', 4, true);


--
-- Name: flyway_schema_history flyway_schema_history_pk; Type: CONSTRAINT; Schema: public; Owner: root
--

ALTER TABLE ONLY public.flyway_schema_history
    ADD CONSTRAINT flyway_schema_history_pk PRIMARY KEY (installed_rank);


--
-- Name: owners owners_pkey; Type: CONSTRAINT; Schema: public; Owner: root
--

ALTER TABLE ONLY public.owners
    ADD CONSTRAINT owners_pkey PRIMARY KEY (id);


--
-- Name: pets pets_pkey; Type: CONSTRAINT; Schema: public; Owner: root
--

ALTER TABLE ONLY public.pets
    ADD CONSTRAINT pets_pkey PRIMARY KEY (id);


--
-- Name: vet_specialties pk_vet_specialties; Type: CONSTRAINT; Schema: public; Owner: root
--

ALTER TABLE ONLY public.vet_specialties
    ADD CONSTRAINT pk_vet_specialties PRIMARY KEY (specialty_id, vet_id);


--
-- Name: specialties specialties_pkey; Type: CONSTRAINT; Schema: public; Owner: root
--

ALTER TABLE ONLY public.specialties
    ADD CONSTRAINT specialties_pkey PRIMARY KEY (id);


--
-- Name: types types_pkey; Type: CONSTRAINT; Schema: public; Owner: root
--

ALTER TABLE ONLY public.types
    ADD CONSTRAINT types_pkey PRIMARY KEY (id);


--
-- Name: vet_specialties vet_specialties_vet_id_specialty_id_key; Type: CONSTRAINT; Schema: public; Owner: root
--

ALTER TABLE ONLY public.vet_specialties
    ADD CONSTRAINT vet_specialties_vet_id_specialty_id_key UNIQUE (vet_id, specialty_id);


--
-- Name: vets vets_pkey; Type: CONSTRAINT; Schema: public; Owner: root
--

ALTER TABLE ONLY public.vets
    ADD CONSTRAINT vets_pkey PRIMARY KEY (id);


--
-- Name: visits visits_pkey; Type: CONSTRAINT; Schema: public; Owner: root
--

ALTER TABLE ONLY public.visits
    ADD CONSTRAINT visits_pkey PRIMARY KEY (id);


--
-- Name: flyway_schema_history_s_idx; Type: INDEX; Schema: public; Owner: root
--

CREATE INDEX flyway_schema_history_s_idx ON public.flyway_schema_history USING btree (success);


--
-- Name: owners_last_name_idx; Type: INDEX; Schema: public; Owner: root
--

CREATE INDEX owners_last_name_idx ON public.owners USING btree (last_name);


--
-- Name: pets_name_idx; Type: INDEX; Schema: public; Owner: root
--

CREATE INDEX pets_name_idx ON public.pets USING btree (name);


--
-- Name: pets_owner_id_idx; Type: INDEX; Schema: public; Owner: root
--

CREATE INDEX pets_owner_id_idx ON public.pets USING btree (owner_id);


--
-- Name: specialties_name_idx; Type: INDEX; Schema: public; Owner: root
--

CREATE INDEX specialties_name_idx ON public.specialties USING btree (name);


--
-- Name: types_name_idx; Type: INDEX; Schema: public; Owner: root
--

CREATE INDEX types_name_idx ON public.types USING btree (name);


--
-- Name: vets_last_name_idx; Type: INDEX; Schema: public; Owner: root
--

CREATE INDEX vets_last_name_idx ON public.vets USING btree (last_name);


--
-- Name: visits_pet_id_idx; Type: INDEX; Schema: public; Owner: root
--

CREATE INDEX visits_pet_id_idx ON public.visits USING btree (pet_id);


--
-- Name: visits fk_visits_on_assigned_vet; Type: FK CONSTRAINT; Schema: public; Owner: root
--

ALTER TABLE ONLY public.visits
    ADD CONSTRAINT fk_visits_on_assigned_vet FOREIGN KEY (assigned_vet_id) REFERENCES public.vets(id);


--
-- Name: pets pets_owner_id_fkey; Type: FK CONSTRAINT; Schema: public; Owner: root
--

ALTER TABLE ONLY public.pets
    ADD CONSTRAINT pets_owner_id_fkey FOREIGN KEY (owner_id) REFERENCES public.owners(id);


--
-- Name: pets pets_type_id_fkey; Type: FK CONSTRAINT; Schema: public; Owner: root
--

ALTER TABLE ONLY public.pets
    ADD CONSTRAINT pets_type_id_fkey FOREIGN KEY (type_id) REFERENCES public.types(id);


--
-- Name: vet_specialties vet_specialties_specialty_id_fkey; Type: FK CONSTRAINT; Schema: public; Owner: root
--

ALTER TABLE ONLY public.vet_specialties
    ADD CONSTRAINT vet_specialties_specialty_id_fkey FOREIGN KEY (specialty_id) REFERENCES public.specialties(id);


--
-- Name: vet_specialties vet_specialties_vet_id_fkey; Type: FK CONSTRAINT; Schema: public; Owner: root
--

ALTER TABLE ONLY public.vet_specialties
    ADD CONSTRAINT vet_specialties_vet_id_fkey FOREIGN KEY (vet_id) REFERENCES public.vets(id);


--
-- Name: visits visits_pet_id_fkey; Type: FK CONSTRAINT; Schema: public; Owner: root
--

ALTER TABLE ONLY public.visits
    ADD CONSTRAINT visits_pet_id_fkey FOREIGN KEY (pet_id) REFERENCES public.pets(id);


--
-- PostgreSQL database dump complete
--

